Accuracy;False Alarm;Missed
0.0;4;896.0
3.803834173347186e-13;1037;12898.23460108982
1.8064792687084987e-05;120;598.0062650740919
8.420501680654044e-14;201;9925.918648916282
0.012438443400959774;20;217.54932715687468
